<meta>
    <info author="Seu Nome" description="Script de convite para grupos do MTA" name="Convite para Grupos" version="1.0" />
    <script src="server.lua" type="server" />
    <script src="client.lua" type="client" />
    <file src="assets/images/logo_DETRAN.png" />
    <file src="assets/images/logo_Ft.png" />
    <file src="assets/images/logo_PCESP.png" />
    <file src="assets/images/logo_PMEsp.png" />
    <file src="assets/images/logo_PRF.png" />
    <file src="assets/images/logo_ROTA.png" />
    <file src="assets/images/logo_SAMU.png" />
</meta>
